Latitude,Longitude,Positive,Negative,Mixed,Neutral,Count,Sentiment
25,-99,0.07960493769496679,0.45219452679157257,0.11649830359965563,0.3517022877931595,2,NEGATIVE
25,-82,0.07184857241996465,0.3092890686062414,0.05056016722063207,0.5683021914446726,28,NEUTRAL
25,-81,0.14927849630740556,0.32783719660735433,0.0036069454748609464,0.5192773694341833,11,NEUTRAL
25,-80,0.1172542526120586,0.4685648758812541,0.002520655234288175,0.41166023910045624,7,NEGATIVE
25,-77,0.07994692841588757,0.17321900991533412,0.018925831481530025,0.7279082379508309,82,NEUTRAL
26,-99,0.35682331522305805,0.36848131466346484,0.12381620394686858,0.15087917524700364,3,NEGATIVE
26,-98,0.24387588201498148,0.14244853654490724,0.02943845576901367,0.5842371247708797,40,NEUTRAL
26,-97,0.12656224382226355,0.09873950651453925,0.019191377488414218,0.7555068713496439,40,NEUTRAL
26,-82,0.1488788514136104,0.280670913470658,0.016445896554819227,0.5540043251552561,40,NEUTRAL
26,-81,0.03588332536892267,0.2378893477241945,0.009660099580605675,0.7165672210510821,40,NEUTRAL
26,-80,0.06569271196650978,0.21094123058116188,0.032195036822330866,0.6911710167712555,41,NEUTRAL
27,-98,0.04096708579787186,0.6106036969593593,0.054073074721990064,0.2943561941385269,35,NEGATIVE
27,-97,0.08765907674872626,0.4356098308538397,0.02248483887342445,0.45424626146753627,6,NEUTRAL
27,-83,0.03174006118060788,0.19379643587599277,0.003137937202586727,0.7713255872949958,40,NEUTRAL
27,-82,0.04012114585493691,0.1943252806137025,0.01969684532705287,0.745856742374599,40,NEUTRAL
27,-81,0.06068810615252005,0.20641004154895198,0.016286981338282658,0.7166148573160172,40,NEUTRAL
27,-80,0.08541390224709175,0.16259238644779545,0.0020527127415903125,0.7499410005868412,40,NEUTRAL
27,-79,0.08331933644219973,0.2817338177429319,0.034033601403953305,0.6009132443630899,77,NEUTRAL
29,-99,0.10002387294911647,0.3265583922467028,0.011707865114190748,0.5617098630272916,35,NEUTRAL
29,-98,0.09532649656150328,0.3393857750235601,0.017015233289661726,0.5482724828888541,23,NEUTRAL
29,-97,0.11877705654894401,0.16008014956241823,0.004635145589210359,0.7165076592138835,35,NEUTRAL
29,-96,0.13618549069294453,0.3418320792155679,0.006520368088145419,0.5154620644382455,22,NEUTRAL
29,-95,0.06455339281383203,0.17077627125399886,0.015005388655856678,0.7496649472974241,40,NEUTRAL
29,-91,0.13353128731250763,0.5349889993667603,0.05897725373506546,0.27250251173973083,1,NEGATIVE
29,-90,0.05184893922414631,0.24835367668420077,0.02561514678200183,0.6741822302341461,5,NEUTRAL
29,-83,0.11631809061727835,0.22795993258550878,0.10258696995679202,0.5531350188539363,40,NEUTRAL
29,-82,0.1646402167127235,0.25430533099024616,0.06170292357680864,0.519351513980655,40,NEUTRAL
29,-81,0.09370178333192598,0.43687547677927796,0.014924775201507146,0.4544979372760281,40,NEUTRAL
29,-80,0.05464738593145739,0.44619255590466006,0.036334442532916,0.46282562309255204,60,NEUTRAL
30,-99,0.19196873553592014,0.3724422346040228,0.042594951346552536,0.39299409503582866,40,NEUTRAL
30,-98,0.14477510729047935,0.26406664632304455,0.0027391799339511634,0.5884190448559821,40,NEUTRAL
30,-97,0.14623071819078176,0.2646247024000331,0.0028895176062633254,0.5862550389952957,40,NEUTRAL
30,-96,0.20938140072976238,0.28902910629694817,0.009403706579098526,0.49218577592400836,40,NEUTRAL
30,-95,0.21100472985417582,0.2681469863600796,0.009395731822507969,0.5114525433513336,40,NEUTRAL
30,-94,0.07120661327498964,0.14022486823978397,0.02843095334786767,0.7601375671103596,40,NEUTRAL
30,-93,0.10470351859548828,0.2883811246845653,0.01569852843966828,0.5912168302689679,40,NEUTRAL
30,-92,0.22866155877127312,0.14765006874913525,0.030901906464646346,0.5927864666096866,40,NEUTRAL
30,-91,0.2947041851992253,0.13089392110887274,0.0064860852570291175,0.5679158231418114,40,NEUTRAL
30,-90,0.21596288375149014,0.24866925739224827,0.015133957289413047,0.52023390585382,40,NEUTRAL
30,-89,0.07519091247522738,0.28867577212513423,0.038006373819166585,0.5981269352225353,40,NEUTRAL
30,-88,0.1940294037340209,0.11490972441554602,0.083478597798603,0.6075822522065469,14,NEUTRAL
30,-87,0.14871335409698078,0.24574314833298558,0.021357650091454163,0.5841858521103859,40,NEUTRAL
30,-86,0.02413554097292945,0.09170811051444616,0.004098175866602105,0.880058117955923,40,NEUTRAL
30,-85,0.08526851831848034,0.20723604395752773,0.024920277848400472,0.6825751608237625,40,NEUTRAL
30,-84,0.12149544690037146,0.270449288488453,0.029615861591037174,0.5784394073067233,40,NEUTRAL
30,-83,0.10723481571330921,0.1639668833999167,0.009105700850494714,0.7196925871772691,40,NEUTRAL
30,-82,0.12236355856002774,0.2566705533565255,0.004504184245047327,0.6164616930764169,40,NEUTRAL
30,-81,0.17659440642570856,0.2541952653679827,0.046114456437691735,0.5230958698833785,101,NEUTRAL
31,-99,0.31708848888852764,0.22984762436577252,0.010121987109284549,0.44294190992202076,7,NEUTRAL
31,-98,0.18287628254911398,0.2150202910961525,0.004505321004489815,0.5975981185212731,40,NEUTRAL
31,-97,0.1095137293857988,0.17318218038781197,0.011668411411392299,0.7056356845423579,40,NEUTRAL
31,-96,0.003510483860736713,0.8973061653785408,0.00023937541267287087,0.09894397668540478,40,NEGATIVE
31,-95,0.14909466872995836,0.22718981476828048,0.062489685274351815,0.5612258381093852,40,NEUTRAL
31,-94,0.21514263382414356,0.24457812535603388,0.0027605184818989634,0.5375187003698486,13,NEUTRAL
31,-93,0.15767715513133085,0.14801579785107138,0.007824418759262186,0.6864826255597365,39,NEUTRAL
31,-92,0.13728962021996266,0.21992190053224475,0.011854598291608908,0.6309338887338527,40,NEUTRAL
31,-91,0.232011896891088,0.25515792765466305,0.03577696533502336,0.4770532096445095,34,NEUTRAL
31,-90,0.1785713106648819,0.27977937056372565,0.06893807027730266,0.4727112410501355,21,NEUTRAL
31,-89,0.07190764647748438,0.24976728132096468,0.03267421865025426,0.6456508707255125,40,NEUTRAL
31,-88,0.054438648415816714,0.2408986658869253,0.011510227146288798,0.6931524674408138,40,NEUTRAL
31,-87,0.15449919595531272,0.24286158145916875,0.014541273401570807,0.5880979442912521,33,NEUTRAL
31,-86,0.048408689798088746,0.46538128129323014,0.005106903061687262,0.48110311685595664,40,NEUTRAL
31,-85,0.050100656430004165,0.4541035641275812,0.005122535356213121,0.490673234150745,40,NEUTRAL
31,-84,0.1637029051612205,0.3808440991028635,0.038371149708980645,0.41708186113177553,38,NEUTRAL
31,-83,0.1860292005406406,0.22125604099803753,0.017772652813898906,0.5749421138435793,39,NEUTRAL
31,-82,0.08085032934031915,0.30163005020513084,0.009399457404356326,0.608120159804821,40,NEUTRAL
31,-81,0.13955577669586183,0.24990499636628014,0.029145683131701603,0.5813935447309098,545,NEUTRAL
33,-99,0.6294341683387756,0.20901137590408325,0.027566036209464073,0.1339883953332901,1,POSITIVE
33,-98,0.09656559110590024,0.27499976235667417,0.008433069277293726,0.6200015765840362,40,NEUTRAL
33,-97,0.27940256051078904,0.17142914800679138,0.012573326595486378,0.5365949648483366,40,NEUTRAL
33,-96,0.18780196217121556,0.24996242216184328,0.03884575838280853,0.5233898629725445,40,NEUTRAL
33,-95,0.05071424366906285,0.5156683805592669,0.018840832597864694,0.4147765644205113,24,NEGATIVE
33,-94,0.15518359404668444,0.23583863759122323,0.030035369947052006,0.5789424027956557,40,NEUTRAL
33,-93,0.03244249946279028,0.45777462762833404,0.019021284584293124,0.49076157233988243,33,NEUTRAL
33,-92,0.1437894073998905,0.11751342583665973,0.006891855486094301,0.731805302365683,40,NEUTRAL
33,-91,0.17561938896930465,0.365205944619245,0.0535795946117206,0.4055950807200538,9,NEUTRAL
33,-90,0.13600308594104718,0.3193659726151964,0.03730041833091491,0.5073305136465933,40,NEUTRAL
33,-89,0.3513585584975469,0.11392592246476044,0.04705427345953063,0.48766123772495323,36,NEUTRAL
33,-88,0.2112457489129156,0.10829887012660037,0.02262740157297003,0.6578279878507601,40,NEUTRAL
33,-87,0.25738009806045736,0.24855975942373335,0.0462182601798304,0.4478418788901763,40,NEUTRAL
33,-86,0.18636248789262028,0.2888055354938842,0.03099024394477965,0.4938417692203075,40,NEUTRAL
33,-85,0.12409733190579572,0.3447062357678078,0.0043013524802518075,0.5268951237201691,40,NEUTRAL
33,-84,0.15195630221351167,0.1363573395363346,0.029183140746374646,0.6825032064458355,40,NEUTRAL
33,-83,0.17485474739805795,0.18153314033024798,0.017961388363778495,0.6256507182377391,40,NEUTRAL
33,-82,0.08916877722658682,0.22437139555440808,0.022299193780338556,0.6641606302000582,40,NEUTRAL
33,-81,0.1852042202760155,0.22404797215354988,0.015725374460835623,0.5750224434663184,39,NEUTRAL
33,-80,0.05123448127997108,0.1904705807537539,0.45792062686086865,0.30037434929981827,40,MIXED
33,-79,0.13269194792184563,0.315437706425191,0.02438778768442274,0.527482561834868,341,NEUTRAL
34,-99,0.14734588869955254,0.39899787765916256,0.0397919235644023,0.4138643122618882,41,NEUTRAL
34,-98,0.14734588869955254,0.39899787765916256,0.0397919235644023,0.4138643122618882,41,NEUTRAL
34,-97,0.16652056519921066,0.30164672164987266,0.03849514782692412,0.49333758106116543,22,NEUTRAL
34,-96,0.20186835000372652,0.2676827661665524,0.007536997632924843,0.5229118932528716,19,NEUTRAL
34,-95,0.16924865445409004,0.18996504055186442,0.013418328354029134,0.6273679605552128,7,NEUTRAL
34,-94,0.005536627897527069,0.8644568026065826,0.01408500870456919,0.11592157697305083,4,NEGATIVE
34,-93,0.12577086155797587,0.23874391852514237,0.021144157772573634,0.6143410598393529,40,NEUTRAL
34,-92,0.030186818304355257,0.22504398701712489,0.029607739345010486,0.71516142077744,20,NEUTRAL
34,-91,0.2903429920079361,0.18327439655058697,0.040610168038298866,0.4857724335161038,32,NEUTRAL
34,-90,0.006274633185239509,0.837968177581206,0.0013538974890252575,0.15440324284136295,40,NEGATIVE
34,-89,0.15061153966817073,0.22996690746949752,0.0044567364479348726,0.6149648169055582,40,NEUTRAL
34,-88,0.13450545951184867,0.18586535715707883,0.0073866871120069275,0.672242500280079,38,NEUTRAL
34,-87,0.11771363206207752,0.21480983824294525,0.07884963198838477,0.5886268805712461,40,NEUTRAL
34,-86,0.12953498567512725,0.24785170633913367,0.035204844677718936,0.5874084565788508,40,NEUTRAL
34,-85,0.08676464650852722,0.3321737751932233,0.005867575277392234,0.5751940164715051,40,NEUTRAL
34,-84,0.08415739970223513,0.31470791279425614,0.005078410756271978,0.5960562899708748,40,NEUTRAL
34,-83,0.1428959339420544,0.22924534923986356,0.02696087613647933,0.6008978435769677,40,NEUTRAL
34,-82,0.08315761868434493,0.11615767184557627,0.013997801671098386,0.7866868998389691,40,NEUTRAL
34,-81,0.2129082023180672,0.14790217179761384,0.03863755746698416,0.6005520691862329,40,NEUTRAL
34,-80,0.23318206817493775,0.1572795136606146,0.011054655337113672,0.5984837538984721,40,NEUTRAL
34,-79,0.13604702671873384,0.15424140333634567,0.038544619249648804,0.6711669457959942,40,NEUTRAL
34,-78,0.13822070446925258,0.2835781377571383,0.027469970421309012,0.5507311867904994,528,NEUTRAL
35,-99,0.1422712363782921,0.5157669956795872,0.0392368866865354,0.3027248738566414,40,NEGATIVE
35,-98,0.1300801058023353,0.3946139346444397,0.028285816888978844,0.44702013849746436,40,NEUTRAL
35,-97,0.20623560291714965,0.24629399561454193,0.010461041228904833,0.5370093717472628,40,NEUTRAL
35,-96,0.3490353839264976,0.13645823254450484,0.005725252037235704,0.5087811334265603,9,NEUTRAL
35,-95,0.455071226489963,0.3255776747994657,0.004676938177518812,0.21467414366946155,7,POSITIVE
35,-94,0.1829728469084431,0.45211656286563895,0.014520888475999527,0.35038970308960415,36,NEGATIVE
35,-93,0.05587498092208989,0.4641282364493236,0.022800482439561166,0.45719629283994434,40,NEGATIVE
35,-92,0.09952663927979302,0.33623835107428024,0.03502140470875474,0.5292136050760746,40,NEUTRAL
35,-91,0.09072815225226805,0.3314259859422843,0.0004521664692826259,0.5773936795691649,3,NEUTRAL
35,-90,0.0645244732775609,0.34093184435041624,0.013222311135149312,0.5813213678891771,40,NEUTRAL
35,-89,0.12130527525150683,0.5411809259327128,0.01624773284361254,0.3212660665623844,40,NEGATIVE
35,-88,0.10832213116955244,0.23571000556985383,0.04272280717641479,0.6132450412726029,40,NEUTRAL
35,-87,0.12108982141762681,0.20955901158231427,0.014672434151589187,0.6546787209692411,40,NEUTRAL
35,-86,0.08209617471155257,0.16464143024178413,0.033855421785516135,0.7194069761496323,39,NEUTRAL
35,-85,0.053900711924936145,0.17126360011155692,0.04196472100631628,0.7328709703989518,39,NEUTRAL
35,-84,0.11823484254062115,0.3137073206129454,0.04984364827619321,0.5182141896878039,31,NEUTRAL
35,-83,0.1836981917847879,0.12264362256755704,0.011863175924349888,0.6817950169555843,40,NEUTRAL
35,-82,0.14421111262781777,0.12828845071635442,0.04959388027052682,0.6779065579059533,40,NEUTRAL
35,-81,0.19472016498402808,0.1868635585087759,0.01414698067385416,0.6042692967806943,40,NEUTRAL
35,-80,0.2445394473531786,0.2566747455765787,0.01906193222339425,0.4797238746510917,38,NEUTRAL
35,-79,0.30774432600737783,0.14261398061335057,0.009466832023412053,0.5401748677017167,40,NEUTRAL
35,-78,0.28338090060166116,0.12073826698225833,0.01893814233249618,0.5769426777889396,31,NEUTRAL
35,-77,0.11481085372215602,0.2210648586442403,0.011727004876712499,0.6523972850292921,40,NEUTRAL
35,-76,0.14668524667637964,0.24332024900737975,0.027551951219979158,0.5824425542263549,555,NEUTRAL
37,-99,0.0192875643260777,0.030263183638453484,2.029534653047449e-05,0.9504289329051971,2,NEUTRAL
37,-98,0.030061171390116215,0.38244589492678643,0.12387387006074277,0.4636190354824066,5,NEUTRAL
37,-97,0.03214384423336014,0.5552511689650904,0.01921583897092205,0.39338916664322215,6,NEGATIVE
37,-96,0.22620096008604912,0.22060408042521243,0.021165280187126295,0.532029678730075,34,NEUTRAL
37,-95,0.15626882318853555,0.1332404491728924,0.0071767628309410214,0.7033139682398775,39,NEUTRAL
37,-94,0.1735728508744311,0.2047002607596835,0.0061724639395740665,0.6155544284205788,39,NEUTRAL
37,-93,0.20634901446173898,0.16697841296336263,0.012812047068769062,0.6138605078216642,40,NEUTRAL
37,-92,0.020548433938529342,0.34017827899697295,0.030572719815154414,0.608700554817915,8,NEUTRAL
37,-91,0.015160208354548862,0.41342234052717686,0.06742332481856768,0.5039941035211086,6,NEUTRAL
37,-90,0.06521378014876973,0.3550687599545199,0.03912991384983684,0.54058754889993,40,NEUTRAL
37,-89,0.07035616309731267,0.21977553157121293,0.04752063364684318,0.662347669666633,40,NEUTRAL
37,-88,0.11604078615782783,0.144291279994286,0.023327424906096895,0.7163405081955716,40,NEUTRAL
37,-87,0.1645152696990408,0.20322024559791316,0.01575812219571162,0.6165063482127152,40,NEUTRAL
37,-86,0.1782678276867955,0.14247904817239032,0.031169257375904636,0.6480838629999198,40,NEUTRAL
37,-85,0.13900984017163864,0.30385089071314725,0.013348988742518487,0.5437902687117457,40,NEUTRAL
37,-84,0.1012548394225096,0.276832658067668,0.010875708179163177,0.6110367885050483,39,NEUTRAL
37,-83,0.24997489973902703,0.125250028190203,0.05393114458547643,0.5708438985049724,40,NEUTRAL
37,-82,0.1805156928647193,0.2618167206139333,0.014761225967527025,0.5429063545074314,40,NEUTRAL
37,-81,0.17543138908367836,0.21746668183950532,0.028683217246657476,0.5784187182318419,40,NEUTRAL
37,-80,0.10593188596249092,0.14554501692555277,0.035837133688505676,0.7126859645359218,40,NEUTRAL
37,-79,0.0895315724570537,0.2121776906609739,0.004966456828492482,0.6933242713217623,40,NEUTRAL
37,-78,0.06858056545024738,0.19673429582926474,0.009067534024825363,0.7256175964139402,40,NEUTRAL
37,-77,0.27865395912667734,0.11387583853575052,0.006320114849086167,0.6011501146713272,40,NEUTRAL
37,-76,0.1507440471157602,0.3000599532591878,0.02071763803627439,0.5284783547462135,355,NEUTRAL
38,-99,0.5792701192694949,0.0880469462263136,0.1227562350061362,0.20992669265251607,8,POSITIVE
38,-98,0.09788430055828187,0.13356155763628114,0.003403980767651429,0.7651501446962357,29,NEUTRAL
38,-97,0.22718137739720987,0.16707854498363303,0.008488483725250262,0.5972515977220609,40,NEUTRAL
38,-96,0.13739270184721267,0.2680215612552794,0.07950998744282904,0.5150757410696575,7,NEUTRAL
38,-95,0.20471689312253147,0.21828824776312103,0.018610027344402626,0.5583848295733332,40,NEUTRAL
38,-94,0.19057692370406584,0.19870071858895244,0.014518752741696516,0.596203607879579,40,NEUTRAL
38,-93,0.23922919138276483,0.22383891422650776,0.019000508525209625,0.5179313884000294,40,NEUTRAL
38,-92,0.05283466738765128,0.14699303321540355,0.011208672542556997,0.7889636050909757,40,NEUTRAL
38,-91,0.02435901293938514,0.13298980220679368,0.00612486607315077,0.8365262979641557,32,NEUTRAL
38,-90,0.10891693766804084,0.33319226988854045,0.02550961314899028,0.5323811810025397,34,NEUTRAL
38,-89,0.13330215686983138,0.2645213992804202,0.03256758036770861,0.5696088537253672,40,NEUTRAL
38,-88,0.12840326212899528,0.25135062786685014,0.019470780777032813,0.6007753499783576,40,NEUTRAL
38,-87,0.17836874736385652,0.27627927796675067,0.004839700294087379,0.5405122790951282,40,NEUTRAL
38,-86,0.05297285332344472,0.16112817452449235,0.012772941737705424,0.7731260071508587,40,NEUTRAL
38,-85,0.40074415153358134,0.16647413322934881,0.021253216927789254,0.41152851537335666,40,NEUTRAL
38,-84,0.3093506374803837,0.1734167796181282,0.03665540926267567,0.4805771801969968,40,NEUTRAL
38,-83,0.13815889833818396,0.3922681641561212,0.042113968824594394,0.42745898086933365,36,NEUTRAL
38,-82,0.07270340983232018,0.11549439238733612,0.02395932756990078,0.7878428712458116,40,NEUTRAL
38,-81,0.12579809291606867,0.2694996169953619,0.03293380745519339,0.5717684874115022,38,NEUTRAL
38,-80,0.20432028193899895,0.3418029550992287,0.012150167586105454,0.44172660768963395,40,NEUTRAL
38,-79,0.19309566970914602,0.2487968442019337,0.008770522295282034,0.5493369654868729,40,NEUTRAL
38,-78,0.17898654789314605,0.295907193959647,0.04465982805398312,0.48044643840985374,40,NEUTRAL
38,-77,0.10718554985942319,0.11968981362879276,0.014363247465735186,0.7587613958865405,40,NEUTRAL
38,-76,0.10718554985942319,0.11968981362879276,0.014363247465735186,0.7587613958865405,40,NEUTRAL
38,-75,0.042809895717073235,0.15169632359757088,0.002756826333143181,0.8027369637042284,40,NEUTRAL
38,-71,0.1282246709914687,0.2580942057731715,0.029961909848609147,0.5837192020280004,468,NEUTRAL
39,-99,0.016152870301580566,0.36377687997512775,0.0054379387018508914,0.6146323310041969,11,NEUTRAL
39,-98,0.08532346585040311,0.36470313440077007,0.01571664242631717,0.5342567847692408,12,NEUTRAL
39,-97,0.29881458115705756,0.19535142909908246,0.014455399712005601,0.4913785929020378,40,NEUTRAL
39,-96,0.3410304601857206,0.16746246576540216,0.023687845647873473,0.4678192290171864,40,NEUTRAL
39,-95,0.18174618260505107,0.36769222473398816,0.06220378561455128,0.3883578119059213,39,NEUTRAL
39,-94,0.19161283876670304,0.28390915255180227,0.050833382912024286,0.4736446346413638,38,NEUTRAL
39,-93,0.11221063011616934,0.09831505680540431,0.014541916656435205,0.7749323798343539,40,NEUTRAL
39,-92,0.03505929745733738,0.3276637396091246,0.022825822029096797,0.6144511476159096,40,NEUTRAL
39,-91,0.21730154842953198,0.2355652722874177,0.021642562742218777,0.5254906234331429,34,NEUTRAL
39,-90,0.09724538204754936,0.3267198961810209,0.010396420814822704,0.5656383046763949,40,NEUTRAL
39,-89,0.048318666097027466,0.42246139363403645,0.00566580788489983,0.5235541557463316,26,NEUTRAL
39,-88,0.015001766540808602,0.7038994989692583,0.009611574064030038,0.2714871935546398,40,NEGATIVE
39,-87,0.15187762196874247,0.09556635203771294,0.013049701615818777,0.7395063254982233,40,NEUTRAL
39,-86,0.15815981732448564,0.1021329082774173,0.02007231757077079,0.7196349520236254,40,NEUTRAL
39,-85,0.14262942756540725,0.21592681680122042,0.02660632761242141,0.6148374401964247,40,NEUTRAL
39,-84,0.16413378716242732,0.26266601568822806,0.0020489984784944682,0.5711512153968215,40,NEUTRAL
39,-83,0.09825600794283673,0.3416214940685007,0.017752540695572572,0.5423699580378046,38,NEUTRAL
39,-82,0.16249249216925818,0.15849018432854792,0.04071585738365684,0.6383014650142286,40,NEUTRAL
39,-81,0.081144274579576,0.25140731862987964,0.07336229929907088,0.5940860923952781,26,NEUTRAL
39,-80,0.16766014608729166,0.21902082280703325,0.04334242632561427,0.5699766071047634,40,NEUTRAL
39,-79,0.1792686743894592,0.25488202623328104,0.048471213829122915,0.5173780779354274,40,NEUTRAL
39,-78,0.1866796844644854,0.33823271250226894,0.010434219695525826,0.46465339271638256,39,NEUTRAL
39,-77,0.07585309775022324,0.27086853290202273,0.04801113147459546,0.6052672461140901,40,NEUTRAL
39,-76,0.13290586028597318,0.22910885306628187,0.005434848585969121,0.6325504354783333,40,NEUTRAL
39,-75,0.16068613906099927,0.18621243142297317,0.004527740323032959,0.6485736841335893,40,NEUTRAL
39,-74,0.13858455886394713,0.3224613824325937,0.028275123129841824,0.5106789290627864,494,NEUTRAL
41,-99,0.16058688293796877,0.22347648189015673,0.012034183808771104,0.6039024494821206,40,NEUTRAL
41,-98,0.20299794671009294,0.21240698152969345,0.017146995096118188,0.567448072868865,40,NEUTRAL
41,-97,0.2037630421378708,0.23022027319930202,0.05192137097194518,0.514095293963328,40,NEUTRAL
41,-96,0.11545195732323918,0.32043804434670164,0.03262053596706664,0.5314894566778093,40,NEUTRAL
41,-95,0.04053155428118771,0.2828151331810659,0.0018373729579934661,0.6748159239068627,40,NEUTRAL
41,-94,0.25419446187359945,0.14912822167155224,0.019101000946453235,0.5775763152965477,14,NEUTRAL
41,-93,0.09977004103447226,0.19670480631843515,0.05476870997213981,0.6487564631653103,22,NEUTRAL
41,-92,0.22466836417359964,0.03179624950696182,0.00017708599833505495,0.7433583141703691,7,NEUTRAL
41,-91,0.08532148303274881,0.19069920181282213,0.04625900892899608,0.6777202890953049,40,NEUTRAL
41,-90,0.06446922873874428,0.21350405670382316,0.008381895855461608,0.7136448233388364,40,NEUTRAL
41,-89,0.07365535889912281,0.2255093552870676,0.018431959489612383,0.6824033170938492,40,NEUTRAL
41,-88,0.043422408401966095,0.00453109759837389,0.0005877509829588234,0.9514586925506592,40,NEUTRAL
41,-87,0.08648653312993701,0.2331525250650884,0.047823179972442634,0.6325377560453489,40,NEUTRAL
41,-86,0.037934641308675056,0.2858892793243285,0.01961995982510416,0.6565561281517148,40,NEUTRAL
41,-85,0.03489263728260994,0.2902730267189327,0.003509908007458762,0.6713244442827999,40,NEUTRAL
41,-84,0.10977911817608402,0.5013830835188855,0.011377837496456777,0.3774599723983556,40,NEGATIVE
41,-83,0.2803467022255063,0.18295884363542428,0.01585834210673056,0.5208361241733656,40,NEUTRAL
41,-82,0.1861346111902094,0.34176362007810895,0.03559932162538644,0.43650245590833947,40,NEUTRAL
41,-81,0.09258754913607845,0.28466560899760224,0.043325469831086136,0.579421367123723,40,NEUTRAL
41,-80,0.14287441940978168,0.34106519370980093,0.041867985274325295,0.4741924055153504,40,NEUTRAL
41,-79,0.18780522824843124,0.2949244402718313,0.007112919704515411,0.5101574094933939,29,NEUTRAL
41,-78,0.2696810171037214,0.19331875378472768,0.09021908402804145,0.4467811448082916,38,NEUTRAL
41,-77,0.1952961407492694,0.19957446052430897,0.03050539579338647,0.574624007428065,40,NEUTRAL
41,-76,0.07818301119712284,0.4328624128934785,0.01853451150305495,0.47042004733035964,36,NEUTRAL
41,-75,0.13191339972185875,0.18625522327997981,0.013597850229577007,0.6682335307191619,34,NEUTRAL
41,-74,0.07322168796672486,0.40019255025727035,0.005030776827925365,0.5215550113236531,40,NEUTRAL
41,-73,0.0431201885570772,0.2100700837429031,0.011374109564167156,0.735435608588159,40,NEUTRAL
41,-72,0.09896174110181163,0.32704614325848524,0.100970218304019,0.47302188170142473,40,NEUTRAL
41,-71,0.09468819132786668,0.22294881515828363,0.02321500012696412,0.6591479895829673,147,NEUTRAL
42,-99,0.09739553711066644,0.12204493892689545,0.007324329596788933,0.7732351919015249,6,NEUTRAL
42,-98,0.2765270173549652,0.060225751250982285,0.0004439260810613632,0.6628034114837646,1,NEUTRAL
42,-97,0.0950481987092644,0.1957645583509778,0.00023743756294910176,0.7089498142401377,3,NEUTRAL
42,-96,0.07836145476903766,0.3524361529998714,0.0019952636278048885,0.5672071473672986,8,NEUTRAL
42,-95,0.007986245219529207,0.04838038936057793,0.001599852364441696,0.9420335377965655,7,NEUTRAL
42,-94,0.1397445372385846,0.21440566956225665,0.03206894894250354,0.6137808681931347,40,NEUTRAL
42,-93,0.1946485917767859,0.24053289177900297,0.02898202728117667,0.5358364779967815,40,NEUTRAL
42,-92,0.09461037276050774,0.16242378951974387,0.024701253775776876,0.718264579528477,40,NEUTRAL
42,-91,0.09013764712581178,0.17385561261780821,0.01323314044699373,0.7227736095781438,40,NEUTRAL
42,-90,0.057303652150259385,0.18642693499764548,0.06357302160084397,0.6926963723682124,29,NEUTRAL
42,-89,0.09826025785805541,0.22765342191705712,0.014971708513837712,0.6591146160848439,40,NEUTRAL
42,-88,0.11737862628069706,0.28432237994147724,0.03832798856192312,0.5599710026523098,40,NEUTRAL
42,-87,0.10857196754805046,0.32868124909582547,0.040734521189688164,0.5220122630242259,40,NEUTRAL
42,-86,0.28917939002712956,0.20218984524071856,0.022156068070603396,0.48647469795541837,40,NEUTRAL
42,-85,0.14699967995111365,0.27731991936816486,0.045952035920004165,0.5297283791005611,40,NEUTRAL
42,-84,0.22245327053096844,0.2205472786386963,0.008566463491388277,0.5484329986386001,40,NEUTRAL
42,-83,0.1054724929650547,0.23247822361445286,0.002712838156912767,0.6593364462256431,40,NEUTRAL
42,-82,0.08082446744047048,0.19154219851516247,0.011808945744417088,0.715824385830274,40,NEUTRAL
42,-81,0.2996152090810938,0.22480600419366964,0.01638154347267573,0.4591972413065378,40,NEUTRAL
42,-80,0.17894871837888787,0.18152702816050806,0.026719233033350064,0.6128050233375688,40,NEUTRAL
42,-79,0.0777711342117982,0.28916155756960504,0.004182166685814082,0.6288851440884173,40,NEUTRAL
42,-78,0.08229804413276724,0.141841888630006,0.03223265703392144,0.7436274497820705,40,NEUTRAL
42,-77,0.07595303771959153,0.22927167559755618,0.0412973536285449,0.6534779372799676,40,NEUTRAL
42,-76,0.05032663782476447,0.2891790713532828,0.014351127201837243,0.6461431694682688,40,NEUTRAL
42,-75,0.1710281939677094,0.2358473613000033,0.028883319445844206,0.5642411232185669,39,NEUTRAL
42,-74,0.018352829133800697,0.3251622294774279,0.03673537237000346,0.6197495392523706,40,NEUTRAL
42,-73,0.17241927706927526,0.13669512523629238,0.008510293879089659,0.6823752863332629,40,NEUTRAL
42,-72,0.22365440183299748,0.11663698696672024,0.011201117170546442,0.6485075028095808,36,NEUTRAL
42,-71,0.16087500108031755,0.29894696010210897,0.04237778380728485,0.49780025560943575,273,NEUTRAL
43,-98,0.04521886576912948,0.04781492694201006,0.006536915489505191,0.9004292716272175,32,NEUTRAL
43,-97,0.23595090891996567,0.40033437752969225,0.019739281095098704,0.3439754511822354,11,NEGATIVE
43,-96,0.08601385611109436,0.1808209278387949,0.01490553061648825,0.7182596772909164,8,NEUTRAL
43,-95,0.06641943465583608,0.2618224712845404,0.0123993536308717,0.6593587304465472,40,NEUTRAL
43,-94,0.25350099132836995,0.1489690544185578,0.033101260537608014,0.5644286945462227,7,NEUTRAL
43,-93,0.110646968674846,0.11746338886965532,0.010402152677124831,0.7614874890446663,25,NEUTRAL
43,-92,0.06690387552537556,0.2168761480799211,0.0022588672894211675,0.7139610956822123,7,NEUTRAL
43,-91,0.031484966981224716,0.04243056057021022,0.45903988229110837,0.46704455371946096,2,NEUTRAL
43,-90,0.05414638895308599,0.633991853734915,0.0023917646316704124,0.30946995988488196,40,NEGATIVE
43,-89,0.05180899520346429,0.6476287020654127,0.0014969563964996268,0.29906531125307084,40,NEGATIVE
43,-88,0.10630641083116643,0.21953127002925613,0.1348741017382963,0.539288213988766,40,NEUTRAL
43,-86,0.2225378311937675,0.2727203158006887,0.0501469779193144,0.45459487636107954,40,NEUTRAL
43,-85,0.05011552704381757,0.22089320222148673,0.00798757850916445,0.7210036855190992,40,NEUTRAL
43,-84,0.08483517694045216,0.1998218929914471,0.017259553497810068,0.6980833636644559,39,NEUTRAL
43,-83,0.198909092208487,0.17658174676180352,0.009198815502622892,0.6153103531338274,40,NEUTRAL
43,-82,0.07646556862746365,0.11581150928686838,0.016431283616077506,0.7912916042841971,40,NEUTRAL
43,-81,0.30590575673595594,0.24564668030070608,0.039079640722775366,0.40936791512649506,40,NEUTRAL
43,-80,0.08697813034814317,0.4198632728730445,0.06404519738537147,0.42911335558746944,40,NEUTRAL
43,-79,0.11060506278154207,0.14643135628175513,0.021415764513983505,0.7215478021651507,40,NEUTRAL
43,-78,0.17166683140497369,0.28516988387146297,0.026972878253136746,0.5161904081797752,39,NEUTRAL
43,-77,0.1510908916417975,0.2251023856944812,0.00796175129888752,0.6158449711743742,40,NEUTRAL
43,-76,0.24375080120098574,0.2054908638689085,0.007896097442824157,0.5428622398059815,40,NEUTRAL
43,-75,0.2675512059176981,0.15015907473425613,0.0386677862214583,0.5436219378490932,40,NEUTRAL
43,-74,0.09431248651817441,0.18633087318376057,0.002329158287682276,0.7170274627686013,40,NEUTRAL
43,-73,0.4365984901371121,0.12357129767769948,0.024961777347698444,0.4148684265790507,40,POSITIVE
43,-72,0.16766427028051112,0.3211631069832947,0.04200639513492206,0.4691662403056398,40,NEUTRAL
43,-71,0.15465749938799678,0.2816781223321194,0.02325729612142569,0.540407082854085,348,NEUTRAL
45,-97,0.09695489681325853,0.37732506915926933,0.029607678206957644,0.496112335473299,10,NEUTRAL
45,-96,0.04684699093922973,0.36605853370080393,0.19565331884950865,0.39144113784035045,3,NEUTRAL
45,-95,0.24373038216671794,0.3199760061562867,0.04117625341933564,0.3951173446871139,37,NEUTRAL
45,-94,0.16764681350905447,0.1793036552669946,0.06205216393584578,0.5909973672474734,40,NEUTRAL
45,-93,0.13097827838064405,0.3039527533830551,0.024765956671598133,0.5403030150278937,40,NEUTRAL
45,-92,0.0994595361458778,0.16986047385780695,0.00809733234569876,0.7225826615467668,40,NEUTRAL
45,-91,0.10456105407720315,0.1773028909932691,0.009434300059103862,0.7087017567828298,40,NEUTRAL
45,-90,0.10554022412688938,0.2278792764300306,0.018435226537758354,0.6481452684412943,40,NEUTRAL
45,-89,0.1291634109627921,0.23884861198021098,0.019541230018876376,0.6124467437650309,40,NEUTRAL
45,-88,0.0689264016225934,0.11302653159618785,0.03600629648472022,0.7820407715626061,40,NEUTRAL
45,-87,0.0009834172281747062,0.6285213735730698,0.000145905448183233,0.37034930226703483,3,NEGATIVE
45,-86,0.1327488595702415,0.3526143203048231,0.045698361005846774,0.4689384492775125,31,NEUTRAL
45,-85,0.081993812837431,0.22188716931527275,0.05531502548458573,0.640803993990024,9,NEUTRAL
45,-84,0.025678727542981505,0.5195813109416382,0.0005902465249424235,0.4541496908558266,7,NEGATIVE
45,-83,0.05727104204318797,0.0016203757647114496,8.514778285947007e-05,0.9410234093666077,3,NEUTRAL
45,-81,0.09896970439391832,0.11812182682087251,0.01240996224086279,0.7704985162738759,39,NEUTRAL
45,-80,0.07961788573099868,0.3201499149524708,0.15787350836604752,0.4423586914072866,23,NEUTRAL
45,-79,0.1223631360247964,0.21600129123289663,0.01580045762152622,0.6458351012435741,40,NEUTRAL
45,-77,0.04787963628768921,0.006791840307414532,2.9350429031183012e-05,0.9452992081642151,1,NEUTRAL
45,-76,0.04772494705393911,0.2719313010544283,0.03131886428725465,0.6490248717367649,40,NEUTRAL
45,-75,0.12480244588805363,0.26449056301426027,0.03139365740453286,0.5793133394327015,40,NEUTRAL
45,-74,0.45882690474463744,0.1236853495516698,0.13571675335972486,0.2817709772847593,40,POSITIVE
45,-73,0.11423266391502693,0.13946275250054896,0.007515938955305046,0.7387886336073279,40,NEUTRAL
45,-72,0.12374626137104562,0.36132213509302924,0.056196678394454386,0.4587349221110344,11,NEUTRAL
45,-71,0.13327524514403194,0.2631602658096693,0.025059856160573872,0.5785046299866268,350,NEUTRAL
46,-98,0.043104342205333525,0.37923860300870726,0.03808125911530169,0.5395758003229275,40,NEUTRAL
46,-97,0.009230858879163861,0.03512944804970175,5.8852575421042275e-05,0.955580860376358,4,NEUTRAL
46,-96,0.069087877038068,0.5419338036860738,0.009191440608576937,0.3797868677814092,14,NEGATIVE
46,-95,0.06405434863020977,0.020219165078985194,0.003141319311544066,0.9125851472218831,15,NEUTRAL
46,-94,0.07493725032836665,0.13732028317554068,0.012547181579100198,0.7751952982507646,40,NEUTRAL
46,-93,0.079010343644768,0.5886068977415562,0.10723756591323763,0.22514521796256304,4,NEGATIVE
46,-92,0.04228361261387666,0.0467983769873778,0.005999492694778989,0.9049184918403625,3,NEUTRAL
46,-91,0.05946088954806328,0.11402688175439835,0.007461271248757839,0.8190509676933289,1,NEUTRAL
46,-89,0.3510316233150661,0.1271483220613542,0.07378018167582923,0.4480398516752757,3,NEUTRAL
46,-88,0.27112243057509217,0.2025107496189706,0.015240414183678625,0.511126402598352,39,NEUTRAL
46,-87,0.0030205890070647,0.8437861204147339,0.001431416836567223,0.1517617553472519,1,NEGATIVE
46,-86,0.04824640601873398,0.4983958303928375,0.2745239734649658,0.1788337379693985,1,NEGATIVE
46,-85,0.0625016987323761,0.1819581389427185,0.0005764799425378442,0.7549638152122498,1,NEUTRAL
46,-84,0.1066043097525835,0.32303605787456036,0.004690861203319703,0.5656687319278717,3,NEUTRAL
46,-83,0.10733435302972794,0.29016491770744324,0.011328502558171749,0.5911721587181091,1,NEUTRAL
46,-82,0.014732284820638597,0.41607841895893216,0.03120096835336881,0.5379883639514447,10,NEUTRAL
46,-81,0.09191609694826183,0.23671353243007615,0.017127867864371638,0.6542424991319422,40,NEUTRAL
46,-79,0.04078463770129019,0.42652549123595235,0.026174578103746172,0.5065152765600942,40,NEUTRAL
46,-77,0.03712589409648596,0.1061948331053524,0.005260863806173196,0.8514183885107438,15,NEUTRAL
46,-76,0.10488949129357934,0.6191384464502334,0.02423562654039415,0.25173643939197066,5,NEGATIVE
46,-75,0.0694123634423774,0.36704268800811124,0.08015647514212805,0.48338845585329604,13,NEUTRAL
46,-74,0.2570811287067564,0.23530723976104387,0.02512098848079144,0.4824906459876469,14,NEUTRAL
46,-73,0.05884408733497063,0.16721482807770371,0.0042046599798292545,0.7697363893191019,3,NEUTRAL
46,-72,0.07165602245368063,0.32744062528945506,0.023718211719824467,0.5771851316094398,4,NEUTRAL
46,-71,0.14372226433018093,0.28181560718331605,0.0418724868825326,0.5325896464255152,373,NEUTRAL
47,-99,0.05089390656503383,0.318345394032076,0.00036082593596802325,0.6303998917341233,10,NEUTRAL
47,-97,0.07209644116883282,0.2089083304465021,0.00934910801179285,0.7096461191424168,40,NEUTRAL
47,-96,0.03680722948841073,0.29108900713882496,0.02834344918995736,0.643760284916921,11,NEUTRAL
47,-95,0.28749108792253536,0.1093016777682351,0.015995943454458938,0.5872112808501697,40,NEUTRAL
47,-94,0.10903636045340034,0.2032562785380934,0.025891693365136033,0.6618156863583459,9,NEUTRAL
47,-93,0.0704902270016545,0.4582032926587595,0.0250354123329291,0.44627106707129216,9,NEGATIVE
47,-92,0.1622484060790157,0.08031818633608054,0.007907258312866362,0.7495261535746977,40,NEUTRAL
47,-91,0.11164298842195422,0.35683475554687905,0.029355887116162195,0.5021663765073754,40,NEUTRAL
47,-89,0.0688764432183234,0.2585062929621927,0.031028893324400997,0.6415883569512516,40,NEUTRAL
47,-88,0.09704314857081045,0.23686953208707565,0.05646776120629511,0.60961954863742,40,NEUTRAL
47,-81,0.024666692595928907,0.5804274305701256,0.007185533657320775,0.38772034272551537,4,NEGATIVE
47,-80,0.0007581901154480875,0.9849026799201965,0.00010037764877779409,0.014238676987588406,1,NEGATIVE
47,-71,0.12514402642068695,0.27443585399639747,0.0274979497068639,0.5729221766706434,444,NEUTRAL
49,-99,0.014759338431758806,0.10434165931656025,1.4463346474258287e-05,0.88088458776474,2,NEUTRAL
49,-98,0.24202417070046067,0.2945829746677191,0.008549175749067217,0.454843707382679,4,NEUTRAL
49,-97,0.03967112489044666,0.459133505821228,0.01673281122930348,0.48446257412433624,2,NEUTRAL
49,-95,0.06498077046126127,0.6325910687446594,0.000327717287291307,0.3021004721522331,2,NEGATIVE
49,-94,0.2468425827488924,0.2356079667030523,0.004675239559825665,0.5128741906955838,6,NEUTRAL
49,-93,0.09814426302909851,0.13554689288139343,0.06223343312740326,0.7040753364562988,1,NEUTRAL
49,-87,0.11586587876081467,0.8034147024154663,0.0016546574188396335,0.07906477898359299,1,NEGATIVE
49,-86,0.6377148230870565,0.0030121313563237586,0.0001145224329472209,0.35915851841370267,3,POSITIVE
49,-80,0.3642197251319885,0.3237147033214569,0.21375493705272675,0.09831059724092484,1,POSITIVE
